<?xml version="1.0" encoding="utf-8"?>
<openerp>
    <data>

    <record id="act_report_xml_view_aeroo_ooo" model="ir.ui.view">
        <field name="name">ir.actions.report.xml.aeroo.form1</field>
        <field name="model">ir.actions.report.xml</field>
		<field name="inherit_id" ref="report_aeroo.act_report_xml_view1"/>
        <field name="arch" type="xml">
            <data>
                <field name="active" position="before">
                    <field name="process_sep"/>
                </field>
                <xpath expr="//notebook/page[@string='Advanced']/group" position="attributes">
                    <attribute name="col">8</attribute>
                </xpath>
            </data>
        </field>
    </record>

    <record id="action_aeroo_config_wizard" model="ir.actions.act_window">
      <field name="name">Configure OpenOffice.org connection</field>
      <field name="type">ir.actions.act_window</field>
      <field name="res_model">aeroo_config.installer</field>
      <field name="view_id" ref="view_aeroo_config_installer"/>
      <field name="view_type">form</field>
      <field name="view_mode">form</field>
      <field name="target">new</field>
      <field name="context">{'menu':True}</field>
    </record>

	<menuitem id="menu_oo_config_wizard" action="action_aeroo_config_wizard" parent="report_aeroo.menu_ir_action_aeroo_reports_xml"/>

    </data>
</openerp>
